{
    "search_type": "random",
    "n_folds": 3,
    "total_trials": 5,
    "best_params": {
        "n_estimators": 50,
        "max_depth": 3,
        "learning_rate": 0.05
    },
    "best_mae": 53.05538061205211,
    "best_cv_mae": 68.90071726243572,
    "best_rmse": 67.79794757278022,
    "best_cv_rmse": 78.83160381947918,
    "parent_run_name": "tuning-cloudpulse"
}